zip,est_mean_income,est_median_income
6390,113454,46250
10001,166167,96787
10002,70204,35607
10003,211756,129981
10004,325028,204949
10005,218441,184681
10006,226459,185268
10007,409624,"250,000+"
10009,108017,68220
10010,214151,139188
10011,210553,136208
10012,180973,110490
10013,294915,130675
10014,217624,136154
10016,181643,124647
10017,184005,130417
10018,187702,136360
10019,177809,101651
10021,237726,130968
10022,257537,138661
10023,226093,137347
10024,267771,137126
10025,176758,99067
10026,109506,64716
10027,95040,57010
10028,225593,131013
10029,71046,33801
10030,77671,45555
10031,81495,55721
10032,75308,53690
10033,85288,66902
10034,78544,63556
10035,58682,28408
10036,139050,97720
10037,69346,50686
10038,155311,95640
10039,60694,41363
10040,72654,53199
10044,150655,112658
10065,264139,153002
10069,232218,130556
10075,241307,123854
10128,206466,117926
10162,147342,96555
10280,251759,170385
10282,393072,"250,000+"
10301,99556,70065
10302,88283,72394
10303,88661,70315
10304,98456,64394
10305,99302,77136
10306,104057,83309
10307,135651,108808
10308,121935,110478
10309,126007,102730
10310,101813,86895
10312,118146,96785
10314,109918,90306
10451,50993,32598
10452,40997,31351
10453,44957,31778
10454,41202,23337
10455,44051,29439
10456,46124,31645
10457,48599,32378
10458,49919,37886
10459,47731,31896
10460,49926,28831
10461,79026,60802
10462,70330,57266
10463,87212,60397
10464,121430,101935
10465,94444,74889
10466,77651,58405
10467,55988,40639
10468,50877,37777
10469,85371,67190
10470,84976,64643
10471,137185,93657
10472,53992,36038
10473,66325,47856
10474,43048,28419
10475,63862,53819
10501,224137,"250,000+"
10502,238206,199904
10504,327734,214414
10505,211354,112143
10506,326962,186000
10507,161886,79471
10509,130893,108372
10510,271732,177143
10511,142140,111313
10512,120572,94985
10514,328379,"250,000+"
10516,151301,113494
10517,113150,97375
10518,235456,139112
10519,160840,158565
10520,157593,113175
10522,196619,145000
10523,130024,103903
10524,148292,121691
10526,273431,193482
10527,197365,196458
10528,207418,125922
10530,141248,99092
10532,144280,116750
10533,238039,163859
10535,159535,142050
10536,246529,183793
10537,107796,99757
10538,291256,193085
10541,136810,113833
10543,182293,109907
10546,267357,204583
10547,137879,123438
10548,118367,88784
10549,173220,106961
10550,64046,43234
10552,102401,78399
10553,98814,76704
10560,177313,147632
10562,122801,91901
10566,83892,66067
10567,164871,130442
10570,198979,156774
10573,139027,91935
10576,315237,199559
10577,326943,188685
10578,229387,"250,000+"
10579,152422,122868
10580,318770,202588
10583,311238,205564
10588,129829,113500
10589,151135,104464
10590,198694,139735
10591,147702,98349
10594,182791,169740
10595,148181,104112
10596,100864,81711
10597,270076,242500
10598,153734,129370
10601,125938,86250
10603,128927,111781
10604,159821,95859
10605,166510,119132
10606,127182,81603
10607,160887,145667
10701,77004,52657
10703,94962,78457
10704,101070,87397
10705,84705,58683
10706,217163,148375
10707,160879,113167
10708,190835,108142
10709,168352,135674
10710,107101,85088
10801,100614,68090
10803,251013,168071
10804,253155,191394
10805,102512,72856
10901,124034,100781
10913,193394,171464
10916,129529,100556
10917,181181,119018
10918,128176,111163
10919,100462,79642
10920,151653,123848
10921,110763,95707
10922,107148,81375
10923,112071,91087
10924,123936,97111
10925,98407,93659
10926,104889,82019
10927,89444,66214
10928,94236,74012
10930,133524,121310
10931,90047,72574
10933,99250,102955
10940,88840,67920
10941,98671,79321
10950,95494,75547
10952,81616,56597
10954,130104,102763
10956,173129,148341
10958,110324,108831
10960,149622,104972
10962,158187,125288
10963,106162,72534
10964,230562,138542
10965,140428,114595
10968,147394,125833
10969,141872,122109
10970,108973,92708
10973,129084,93641
10974,118324,88135
10976,105938,62417
10977,92260,59253
10980,123387,110347
10983,178863,132400
10984,169572,138188
10985,162647,181116
10986,184493,180875
10987,191883,130167
10988,107444,90179
10989,138464,115000
10990,129003,109684
10992,110460,97862
10993,67866,48400
10994,169947,154970
10996,125932,115587
10998,111532,89871
11001,146902,124949
11003,120800,103548
11004,124334,97845
11005,450531,75742
11010,128233,113148
11020,210336,160909
11021,166860,106978
11023,179424,108906
11024,200794,124837
11030,340827,210380
11040,163186,132767
11050,210400,134473
11096,82488,59943
11101,123847,89525
11102,104415,81462
11103,98170,81677
11104,94487,75772
11105,107029,86516
11106,98884,71865
11109,195918,169425
11201,198854,139697
11203,76911,57707
11204,75987,54984
11205,104376,62952
11206,70179,43065
11207,59078,42276
11208,64676,45946
11209,108104,79524
11210,97562,70776
11211,128607,90871
11212,48008,29385
11213,74892,48318
11214,81908,57639
11215,197323,144330
11216,108890,77343
11217,182618,122598
11218,105235,78249
11219,64234,41907
11220,75144,55119
11221,88596,65548
11222,122507,96435
11223,84634,56908
11224,59226,35776
11225,91135,65200
11226,80354,60896
11228,103981,76278
11229,89740,66332
11230,85020,57770
11231,169055,108525
11232,98875,74072
11233,71104,48278
11234,109876,84116
11235,83018,56308
11236,89086,74015
11237,76385,57375
11238,136836,100568
11239,43455,29571
11354,67230,45838
11355,66479,45527
11356,85304,64324
11357,106791,82858
11358,94084,70777
11360,111102,84356
11361,108796,86545
11362,110938,92212
11363,141278,111094
11364,103613,87135
11365,87247,70102
11366,111591,91795
11367,85658,64332
11368,71465,56904
11369,78247,61860
11370,91315,67582
11372,82871,61239
11373,73043,56835
11374,93752,75266
11375,116806,88117
11377,79252,59910
11378,99441,82326
11379,107104,89700
11385,90871,77044
11411,118439,104269
11412,101822,85235
11413,108650,91836
11414,105479,75599
11415,104554,75476
11416,88125,73471
11417,94565,79210
11418,94702,73856
11419,93449,79589
11420,102028,85190
11421,97905,77738
11422,107049,93397
11423,89972,70990
11426,119975,102770
11427,105540,81688
11428,94622,77466
11429,97848,82532
11432,90626,66270
11433,80032,62453
11434,83921,65845
11435,88634,69873
11436,94392,72962
11501,124711,103809
11507,177436,121861
11509,189507,135938
11510,138551,122090
11514,122735,97113
11516,128778,84421
11518,122378,87596
11520,108589,86070
11530,230942,169323
11542,106545,78242
11545,252842,140563
11547,128781,48636
11548,215279,131806
11550,94695,70728
11552,146000,129091
11553,107060,83570
11554,137328,109895
11557,189333,137857
11558,128286,103508
11559,193721,96205
11560,267062,149865
11561,139105,112522
11563,148367,117988
11565,159412,130664
11566,175710,152266
11568,368270,224712
11570,166176,121592
11572,140803,116224
11575,111060,90707
11576,282603,203534
11577,220878,159388
11579,238924,160250
11580,129851,118392
11581,146981,126429
11590,138088,113338
11596,190103,137688
11598,209020,151269
11691,81358,52605
11692,73727,53077
11693,77184,52946
11694,114854,87755
11697,152227,116205
11701,103615,85088
11702,145133,120865
11703,128889,105139
11704,116629,104375
11705,146099,122708
11706,119692,97495
11709,163353,115972
11710,167465,142444
11713,118851,88173
11714,135750,112205
11715,121629,102083
11716,118372,107561
11717,115208,89926
11718,167084,135595
11719,109507,90183
11720,124787,109720
11721,214951,154144
11722,98198,79432
11724,293609,"250,000+"
11725,174669,142921
11726,107831,93438
11727,104134,83802
11729,118697,105104
11730,131627,111372
11731,154239,132450
11732,140845,101875
11733,210615,160163
11735,138313,120516
11738,138696,119324
11739,208330,155608
11740,149328,121033
11741,127521,113762
11742,130307,109426
11743,188349,139619
11746,159834,122944
11747,168013,117210
11749,104304,82500
11751,127840,108340
11752,139641,122802
11753,242005,174400
11754,128347,102089
11755,132707,115216
11756,133826,120579
11757,114890,100915
11758,147558,122632
11762,155661,145321
11763,105460,95296
11764,151849,123906
11765,444808,"250,000+"
11766,146419,123125
11767,146540,116998
11768,186606,141815
11769,134885,108372
11771,197878,116639
11772,110504,92249
11776,121027,107145
11777,164044,118518
11778,118902,99886
11779,112880,100630
11780,170113,131412
11782,160640,125943
11783,169355,144651
11784,108087,87658
11786,160470,145463
11787,159002,127235
11788,140524,121648
11789,115830,110156
11790,166275,132500
11791,230220,164483
11792,155487,137895
11793,157726,144182
11795,155865,134511
11796,123216,124716
11797,255736,180688
11798,101943,84728
11801,134340,118286
11803,184400,155053
11804,178258,146507
11901,85796,69353
11930,195593,130625
11932,188800,109402
11933,90835,69583
11934,131409,125815
11935,172542,113569
11937,179537,109375
11939,119907,86900
11940,145747,106051
11941,132500,105469
11942,121867,90107
11944,111428,66406
11946,127029,92716
11948,141580,124043
11949,117685,101423
11950,100190,90714
11951,93080,83975
11952,110685,91259
11953,93027,81250
11954,140699,102266
11955,80590,70068
11956,124640,104375
11957,170790,72885
11958,120401,91678
11959,132642,124853
11960,182810,158750
11961,95928,75188
11962,165268,71250
11963,169429,103929
11964,111314,97234
11965,118504,125283
11967,131137,91139
11968,219113,118623
11970,34258,21900
11971,131612,85981
11972,95859,91711
11975,139968,140750
11976,296659,175875
11977,163667,118036
11978,161675,97273
11980,107856,92409
12008,114075,108889
12009,123802,99050
12010,66819,47750
12015,101686,74821
12017,75992,41250
12018,107477,100156
12019,120328,99196
12020,101075,84403
12022,81688,74167
12023,91998,90938
12025,87226,68281
12027,126596,102120
12028,74221,69911
12029,103616,85972
12031,61365,58906
12032,61914,47950
12033,91104,77352
12035,78632,62188
12036,74986,59125
12037,89878,69000
12041,139990,94906
12042,89879,88816
12043,77243,55827
12045,57292,54722
12046,84889,81250
12047,80519,60444
12051,84633,67560
12052,81414,84955
12053,105482,82316
12054,130479,113383
12056,94052,85000
12057,77412,71151
12058,76111,71449
12059,94813,85953
12060,134750,109688
12061,124178,97734
12062,80496,70238
12063,73010,71466
12064,44251,38438
12065,121797,100114
12066,92887,71705
12067,101324,84716
12068,77053,65417
12070,87334,53472
12071,68179,57125
12072,83572,68030
12074,97291,85000
12075,101151,82212
12076,65067,57188
12077,133920,98393
12078,59393,44144
12083,87565,76081
12084,98044,78049
12085,44859,32143
12086,69301,62500
12087,72779,57963
12090,77062,55316
12092,56183,43828
12093,79607,51008
12094,99112,95099
12095,72171,57247
12106,111556,83026
12108,67111,75179
12110,95637,83240
12116,99798,59167
12117,105631,64375
12118,107193,81922
12120,89675,85060
12121,98719,89084
12122,62293,45800
12123,107912,93451
12124,80074,65862
12125,76540,65577
12130,79472,59919
12131,53865,38750
12132,106034,108060
12134,72838,54516
12136,159872,110486
12137,98616,87961
12138,76379,67500
12139,73125,61607
12140,104837,100804
12143,90619,65357
12144,87391,77000
12147,104334,65000
12148,134507,111004
12149,68308,57902
12150,77460,71125
12151,90771,77132
12153,79921,73186
12154,101747,82188
12155,61479,47955
12156,121400,116544
12157,94571,63862
12158,111128,82179
12159,143451,93512
12160,89551,71944
12164,102298,76250
12165,76541,67500
12166,66535,53438
12167,66675,57292
12168,94869,72438
12170,96668,86275
12172,47621,43920
12173,82715,70521
12174,71628,44569
12175,73916,73125
12177,93540,115114
12180,75138,59523
12182,77117,55127
12183,62673,49792
12184,109271,77138
12185,108730,86250
12186,137689,108180
12187,59426,51831
12188,92875,70068
12189,72437,49932
12190,65763,67083
12192,93988,81944
12193,81402,61012
12194,58379,43250
12196,127241,117888
12197,77961,69917
12198,99288,76740
12202,49123,33542
12203,86466,64932
12204,78455,58442
12205,85767,75595
12206,49280,36137
12207,49759,23698
12208,79318,63367
12209,72646,60549
12210,60955,44248
12211,134516,117519
12302,91075,79199
12303,90604,68949
12304,68490,53940
12305,51092,36649
12306,82067,67224
12307,55100,30762
12308,62041,49550
12309,127874,109958
12401,76558,57830
12404,85284,49941
12405,66854,53281
12406,49499,42976
12407,42344,39028
12409,113654,96250
12410,36521,27000
12411,70485,68482
12412,87665,70144
12413,74950,50458
12414,60826,40643
12416,74394,29009
12417,88142,84648
12418,106268,65833
12419,82166,54554
12420,109674,101891
12421,143844,82639
12423,66206,65208
12424,73782,66042
12427,167624,111031
12428,65656,47240
12429,127939,119583
12430,71284,56570
12431,87623,67098
12432,36420,38132
12434,51395,37734
12435,86098,110250
12440,102489,93938
12441,45467,45438
12442,49934,24405
12443,125511,102143
12444,83054,57969
12446,78331,65731
12448,222988,116438
12449,73207,49286
12450,74584,105260
12451,66056,62454
12452,78048,80833
12454,65497,50625
12455,66431,62153
12456,74689,72500
12457,74101,51174
12458,64620,46118
12459,101624,85341
12460,64903,25500
12461,156704,82101
12463,80955,59063
12464,68830,57326
12465,79817,46563
12466,85656,69483
12468,90958,58359
12469,82926,90227
12470,74462,72500
12471,30010,"2,500-"
12472,65931,53563
12473,76070,64514
12474,85076,49141
12477,87955,62634
12480,103221,93807
12481,88694,63472
12483,73120,63200
12484,77013,56500
12485,70895,52625
12486,102001,90787
12487,107648,66360
12489,48896,24205
12491,104501,100951
12494,111875,118235
12495,117638,51607
12496,81276,63077
12498,90802,53344
12501,88093,65714
12502,118586,75238
12503,169810,75000
12504,179156,178693
12507,83131,58750
12508,99795,79410
12514,150712,108125
12515,89793,51848
12516,137103,111991
12517,73333,84554
12518,107819,84196
12520,124594,108625
12521,105913,62368
12522,74764,60492
12523,95387,75074
12524,101280,82842
12525,98171,79105
12526,94725,70977
12528,89535,75590
12529,130112,84293
12531,139466,119435
12533,142643,107539
12534,74984,54159
12538,100155,79536
12540,145643,105673
12542,123122,97663
12543,89044,77125
12545,104894,80711
12546,90944,67615
12547,119890,95521
12548,86399,67778
12549,113383,100750
12550,84330,65760
12553,104809,85342
12561,92350,73514
12563,113636,106161
12564,114836,94539
12565,60183,51386
12566,110282,85884
12567,107843,66435
12569,102945,81997
12570,129485,103482
12571,123500,90268
12572,122776,85234
12575,150259,145769
12577,159980,160717
12578,102376,89211
12580,116282,73375
12581,111958,74301
12582,137319,111659
12583,104583,77692
12585,115830,86429
12586,92898,73333
12589,104246,86821
12590,108212,90103
12592,115504,63958
12594,92326,73333
12601,88554,50007
12603,108789,86155
12701,65163,45630
12719,89562,66972
12720,60309,61927
12721,97101,86797
12723,81330,64125
12725,108869,90714
12726,91103,62336
12729,59950,47607
12732,58512,26717
12733,43941,40227
12734,63155,47433
12736,37359,35238
12737,96649,97794
12738,80269,67396
12740,94754,74681
12741,68120,60417
12743,126965,80446
12746,73897,68056
12747,59869,50775
12748,86193,70911
12749,70320,74286
12751,41530,38750
12752,80057,65446
12754,68769,47083
12758,56903,37423
12759,54612,31146
12760,85403,66985
12762,59952,55898
12763,57420,34231
12764,69292,48832
12765,80770,71875
12767,87332,77222
12768,78239,67120
12769,57851,48056
12770,80353,61786
12771,68918,50677
12775,129050,82037
12776,88183,58409
12777,145946,110625
12779,53457,31944
12780,71533,47288
12781,84806,83194
12783,70849,54219
12785,94174,98750
12786,102318,111850
12787,88839,91389
12788,152939,79784
12789,89307,64437
12790,96059,76739
12791,76748,77344
12792,93815,65500
12801,71689,55573
12803,75436,65196
12804,100937,77663
12808,84774,77500
12809,68468,57602
12810,74766,59904
12811,53327,44833
12814,100930,95833
12815,69255,51333
12816,74473,61463
12817,88705,72778
12819,87494,73125
12821,69743,84643
12822,68983,60818
12823,88604,104911
12824,116338,68269
12827,84812,72825
12828,81797,63169
12831,104113,88507
12832,60396,45663
12833,132736,84437
12834,91101,72723
12835,94720,63375
12836,84267,69643
12837,67096,64722
12838,68180,57222
12839,63718,52291
12841,68368,53650
12842,69718,59063
12843,63284,45714
12844,157054,118804
12845,83106,68343
12846,78439,58902
12847,69752,62778
12850,114977,86250
12851,89536,64219
12852,63764,44688
12853,57036,45913
12855,62653,52054
12856,55317,48958
12857,71275,64130
12858,97563,88750
12859,102990,104539
12860,83371,74844
12861,85775,80556
12863,88399,79223
12865,69611,57171
12866,117772,88689
12870,72446,50800
12871,87080,71033
12873,86954,74271
12874,122729,114250
12878,65389,56250
12883,71357,56784
12884,65125,49722
12885,63848,51552
12886,78741,103125
12887,68388,59375
12901,72604,53456
12903,83162,73018
12910,58013,44016
12912,68959,57237
12913,77900,60476
12914,56558,48625
12916,55535,48750
12917,63721,56897
12918,102974,68125
12919,66566,51932
12920,86791,62059
12921,92122,83462
12923,58951,53750
12924,102082,111944
12926,58121,46629
12927,61121,52500
12928,81970,70208
12929,60210,50385
12930,77233,64583
12932,74808,52039
12933,66879,73077
12934,60787,56797
12935,66377,54813
12936,65762,60458
12937,50435,46103
12939,83619,60875
12941,80985,77700
12942,98773,90000
12943,50533,32206
12944,74902,55806
12945,77281,56181
12946,90203,63055
12950,67103,63750
12952,59601,49792
12953,72962,52064
12955,81675,63021
12956,44351,36023
12957,59350,48929
12958,81223,65977
12959,49014,42984
12960,47442,39922
12961,18579,15995
12962,77768,62176
12964,74300,61563
12966,70617,53789
12967,77740,51250
12969,55443,47292
12970,126583,78750
12972,90305,84659
12973,65065,49792
12974,70649,53417
12975,58245,54750
12976,87994,74583
12978,70302,73969
12979,57619,44722
12980,57660,51875
12981,81895,75978
12983,73489,55054
12985,65767,54167
12986,78120,56672
12987,93579,95104
12989,79362,67917
12992,90233,64688
12993,77669,51645
12996,98240,69267
12997,82206,60781
12998,58858,44727
13020,68683,63750
13021,71023,51517
13026,90965,79955
13027,97339,79989
13028,71172,75550
13029,94645,80269
13030,80281,68696
13031,93789,77622
13032,72533,62686
13033,87933,67821
13034,109435,78864
13035,118648,82277
13036,83579,68807
13037,91977,77316
13039,103937,93448
13040,67706,58438
13041,102059,84888
13042,84045,72188
13044,95346,71023
13045,72698,57420
13052,68674,52321
13053,84828,65333
13054,86832,85679
13057,76885,64219
13060,62150,50840
13061,80855,70402
13063,113499,74946
13064,142474,110625
13066,137207,100683
13068,88133,72228
13069,69855,53941
13071,83754,65625
13072,63214,55144
13073,74345,60662
13074,72465,69792
13076,89305,76875
13077,80461,60331
13078,122656,92800
13080,86552,61739
13081,111418,87214
13082,77386,74052
13083,75571,69000
13084,90217,75217
13087,142833,162604
13088,77812,62077
13090,90954,73890
13092,78852,71149
13101,63025,61086
13102,60552,63750
13104,147718,107512
13108,95606,78300
13110,98724,89615
13111,50284,40417
13112,84487,75717
13113,82023,92500
13114,79750,65086
13115,87383,67500
13116,79483,63415
13117,41518,35125
13118,75437,63902
13120,77363,65714
13122,58196,48693
13124,75881,61667
13126,73227,54759
13131,78945,57156
13132,79896,70278
13134,81127,92500
13135,80035,64531
13136,60926,48523
13140,72646,53958
13141,75167,66591
13142,86977,63333
13143,67180,60594
13144,62573,49432
13145,58573,46667
13146,67075,56799
13147,61556,56875
13148,67986,51735
13152,141874,87258
13155,73830,55859
13156,69027,51767
13157,48863,38250
13158,79032,73846
13159,105022,77609
13160,85730,74922
13163,69359,68125
13164,94007,94324
13165,68476,55083
13166,80199,63922
13167,75683,66538
13202,38318,17031
13203,58714,39129
13204,48413,35431
13205,46487,32237
13206,63246,48698
13207,65268,50885
13208,53833,40515
13209,65737,54545
13210,49815,33346
13211,70032,59534
13212,77347,63410
13214,91287,69987
13215,108812,88294
13219,85477,71126
13224,88779,66463
13301,101424,103365
13302,58563,49205
13303,82112,73679
13304,92341,78382
13305,53499,38971
13308,81847,67156
13309,72247,60268
13310,65534,52273
13312,72449,70750
13313,61472,46438
13314,78223,60417
13315,73445,63854
13316,63922,51918
13317,64977,46346
13318,80415,71125
13319,50861,43750
13320,72630,61288
13321,49830,50617
13322,79958,70000
13323,93507,80827
13324,70395,59732
13325,62299,49464
13326,96077,66385
13327,66230,58220
13328,97127,93200
13329,56585,45741
13332,72338,54830
13334,59824,60368
13335,63466,53250
13337,97115,53125
13338,69660,56339
13339,63166,49283
13340,80653,63800
13342,73139,71250
13343,75624,60636
13345,71909,49500
13346,75071,49814
13348,83860,66589
13350,67221,55018
13354,85745,76607
13355,146163,62381
13357,67680,59894
13361,67588,57083
13363,89081,67216
13364,69785,68167
13365,77232,54682
13367,72978,56929
13368,58624,49268
13402,72493,62135
13403,99235,91457
13406,60367,49028
13407,65768,59722
13408,64939,50250
13409,63823,58500
13411,67787,54414
13413,107338,74975
13415,133150,91667
13416,69853,60375
13417,54739,41549
13420,82955,90179
13421,69639,53918
13424,79640,59358
13425,77752,53674
13428,63274,53851
13431,95366,76818
13433,53801,42083
13435,78275,70750
13436,61483,42813
13437,62949,61875
13438,76271,59358
13439,63575,49375
13440,68995,56796
13441,53321,47619
13450,76930,54750
13452,62559,50524
13454,70899,83625
13456,97438,77946
13459,75047,58438
13460,69518,50722
13461,79984,66466
13464,63143,47514
13468,66962,54167
13469,113073,90917
13470,64627,48750
13471,63295,53327
13473,82458,75386
13476,76979,62326
13477,126963,61250
13478,78604,64587
13480,70802,56616
13483,74551,82902
13485,62824,57083
13486,80984,70417
13488,89434,78281
13489,61900,54625
13490,88061,74982
13491,73412,54773
13492,86763,72256
13493,61200,54107
13494,73191,63571
13495,59160,51895
13501,62863,44426
13502,66207,48411
13601,66134,49569
13603,56831,50653
13605,67722,56550
13606,67790,63565
13607,153756,50583
13608,64766,55417
13612,75053,65833
13613,62575,45688
13614,50931,30757
13615,85628,85781
13616,67371,45625
13617,77640,67278
13618,70412,59922
13619,65771,54627
13620,62142,50344
13621,66056,65909
13622,79991,66382
13624,79686,71932
13625,68243,58214
13626,74687,61797
13628,64109,53750
13630,55705,29934
13633,58102,41250
13634,82816,66681
13635,63073,55167
13636,67438,50625
13637,70777,56323
13638,45739,39564
13640,78128,55208
13641,47585,63000
13642,57099,40813
13646,67473,53110
13648,63032,51300
13650,78748,70556
13651,103590,86250
13652,74558,54815
13654,66179,49338
13655,60083,41941
13656,69557,50667
13658,75497,65103
13659,60913,57000
13660,70119,59375
13661,83775,73155
13662,67199,52365
13664,77589,73472
13665,59112,55408
13666,53530,45500
13667,54459,41806
13668,87061,84107
13669,65992,53915
13670,50018,40000
13672,72237,61212
13673,72684,52267
13674,50151,44451
13676,69609,48834
13678,58812,42593
13679,80602,64727
13680,72746,55250
13681,61516,49479
13682,87515,80833
13684,55445,48000
13685,84722,77589
13687,66154,50703
13690,55373,43194
13691,68285,57772
13693,52637,47794
13694,75998,56563
13697,62659,43837
13730,73013,59495
13731,75956,65500
13732,93533,79955
13733,56999,49320
13734,60438,57180
13736,77807,58804
13739,71319,56250
13740,103977,61250
13743,80483,64767
13744,72178,63333
13746,72357,52727
13748,67920,54117
13750,73056,44375
13751,48057,44655
13752,77542,54844
13753,71980,56858
13754,57105,42000
13755,69915,62530
13756,66399,61667
13757,68178,63173
13760,74015,56814
13774,46552,57600
13775,74695,57941
13776,68818,62250
13777,81565,58854
13778,68260,59054
13780,64846,64271
13782,76192,59063
13783,57749,41932
13784,63517,61802
13786,49553,40485
13787,61615,52421
13788,80116,61250
13790,62607,47184
13794,36442,34688
13795,69117,47460
13796,67762,47384
13797,72697,61771
13801,72689,55820
13803,69647,61639
13804,57029,59318
13807,83247,64180
13808,104927,57039
13809,60311,48200
13810,96834,80500
13811,82126,69688
13812,79534,63984
13813,68925,70791
13815,68455,46991
13820,66426,54008
13825,65548,54464
13827,73754,58773
13830,63421,50647
13832,61217,49107
13833,62002,44922
13834,51296,73889
13835,64211,57946
13838,55239,44375
13839,61680,56467
13841,68385,43527
13842,86319,60729
13843,63536,56157
13844,65088,55000
13846,44718,27188
13849,57852,46944
13850,98944,64036
13856,53713,42386
13859,91532,85156
13861,64138,47277
13862,66933,50938
13863,60354,43250
13864,58492,42380
13865,63653,54673
13901,70471,46269
13903,71190,51152
13904,62620,51404
13905,65292,44466
14001,83663,64586
14004,79128,73431
14005,97857,81319
14006,70093,56017
14008,80683,61389
14009,75137,53348
14011,83889,67877
14012,72058,59109
14013,62747,58393
14020,66856,53634
14024,77561,63125
14025,90273,76220
14026,67380,58661
14028,80354,60030
14030,83272,76452
14031,120245,85655
14032,168114,126798
14033,83696,67438
14034,70973,64297
14035,75243,75813
14036,89396,79157
14037,76405,59650
14040,82613,66563
14042,60017,49295
14043,75773,63377
14047,80691,64444
14048,54626,38604
14051,133679,112580
14052,105868,85976
14054,70911,59375
14055,72454,50417
14057,93707,76813
14058,80435,70625
14059,116964,69747
14060,57031,37021
14061,64561,45000
14062,66296,55446
14063,76064,60011
14065,63232,59432
14066,62741,56250
14067,83294,80405
14068,135435,100029
14069,75885,71250
14070,63220,47571
14072,103643,90386
14075,89792,69974
14080,87763,59698
14081,58288,42625
14082,91032,62222
14085,103632,97181
14086,103198,82093
14091,91251,55724
14092,76580,57679
14094,76262,60823
14098,71373,56549
14101,64053,53750
14102,120443,117686
14103,66313,52768
14105,74388,65139
14108,77754,57908
14111,72812,61908
14113,67365,54602
14120,81336,69119
14125,70421,54080
14127,116534,89049
14129,72423,65417
14130,55406,57778
14131,93746,72896
14132,82549,78558
14134,76229,49896
14136,71658,60673
14138,70584,46720
14139,88185,76842
14141,77542,58042
14143,75734,67500
14145,87833,74028
14150,70564,58954
14167,76875,59958
14169,41733,50938
14170,112420,80617
14171,68396,63409
14172,75064,52857
14173,73589,88125
14174,97798,77348
14201,48266,29814
14202,88073,49776
14203,52882,39236
14204,39337,22989
14206,53769,40005
14207,48110,30187
14208,45159,33140
14209,55621,41062
14210,52233,43317
14211,43863,27429
14212,41972,24756
14213,58248,42050
14214,69483,51914
14215,50766,37436
14216,81205,58210
14217,73654,59133
14218,54700,41325
14219,65591,55585
14220,69065,61186
14221,113912,84676
14222,98445,70215
14223,82875,69023
14224,80279,68292
14225,64368,53307
14226,100785,71218
14227,66219,56206
14228,77708,57386
14301,44781,31244
14302,3208,"2,500-"
14303,54476,35254
14304,70162,56780
14305,58382,39107
14411,59502,45423
14414,84827,60341
14416,81253,72067
14418,58980,38969
14420,72724,56849
14422,74916,67892
14423,72574,58559
14424,94236,66487
14425,88231,66445
14427,60680,57695
14428,92739,78796
14432,80407,67156
14433,58976,50296
14435,118128,68188
14437,68855,55271
14441,48619,43750
14445,69192,57826
14450,109344,91747
14454,75343,47351
14456,70955,55617
14462,77438,73704
14464,77390,59756
14466,77912,79410
14467,80870,74253
14468,87505,78829
14469,76264,59698
14470,77176,58132
14471,71142,63068
14472,131400,109841
14475,108052,92708
14476,86177,69943
14477,87354,70417
14478,112314,90912
14479,57729,67708
14480,76567,75921
14481,77308,67583
14482,73223,61136
14485,77069,58932
14486,104767,69911
14487,84334,73780
14489,63932,53625
14502,84795,76808
14504,61457,53229
14505,71796,64538
14507,76114,59722
14510,63764,51897
14511,52342,56333
14512,76388,58169
14513,67288,51450
14514,87825,71795
14516,73524,64470
14517,61256,55380
14519,94231,76778
14521,72446,49464
14522,85635,62628
14525,78099,70938
14526,102591,83050
14527,72110,52961
14530,60068,53155
14532,69161,60000
14533,71329,57009
14534,164690,119961
14536,52411,44653
14537,47023,36316
14541,83283,67935
14542,54924,60714
14543,100292,100017
14544,63394,54138
14545,85708,93676
14546,78847,70258
14548,81840,66647
14549,51536,53150
14550,54913,50081
14551,68505,51449
14555,67132,54821
14559,96498,77280
14560,69603,61276
14561,75646,70436
14564,123218,94393
14568,94947,86098
14569,72615,58523
14571,75460,60417
14572,65319,52675
14580,100710,80495
14585,45371,47000
14586,96021,96053
14589,93725,71852
14590,62874,51531
14591,85563,66875
14604,78004,67800
14605,44375,23196
14606,60933,48812
14607,66633,48270
14608,44502,28599
14609,63098,49478
14610,106962,63981
14611,40014,26417
14612,83517,63901
14613,43124,31977
14615,59569,44678
14616,66028,53697
14617,89065,69981
14618,156076,105750
14619,65580,47657
14620,68378,51127
14621,41040,27582
14622,76660,57351
14623,62978,54245
14624,87191,75932
14625,101222,86463
14626,82050,72662
14701,54389,42558
14706,75185,60118
14707,63868,47321
14708,71551,76875
14709,73635,50515
14710,77211,58537
14711,64892,57800
14712,92480,63567
14714,80541,80313
14715,52142,41996
14716,47998,37250
14717,49157,38750
14718,63986,53885
14719,61862,51511
14720,46578,43929
14723,72145,65096
14724,72014,58594
14726,54697,44464
14727,67092,53264
14728,67416,56490
14729,70740,65156
14731,79089,62813
14732,52593,54327
14733,57329,49153
14735,56610,47750
14736,79507,53750
14737,60268,48316
14738,55391,49830
14739,50898,42292
14740,71294,58947
14741,72750,64327
14742,69819,63125
14743,53722,39558
14744,70983,69063
14747,78008,54545
14748,64715,27157
14750,93427,57841
14752,62696,38000
14753,52343,34464
14754,62149,53438
14755,60783,51412
14757,81975,60536
14760,61826,47782
14767,72512,57361
14769,58407,52045
14770,65024,51883
14772,67312,57656
14775,70218,48523
14777,86611,54167
14779,51482,35853
14781,59252,51500
14782,52702,46875
14783,80692,34412
14784,74777,81250
14787,59212,39451
14801,63267,54707
14802,51707,34107
14803,64832,51250
14804,73970,72000
14805,60557,44231
14806,71860,56094
14807,67423,56951
14808,66944,54286
14809,64424,47259
14810,59696,41759
14812,66911,55357
14813,64910,53646
14814,113068,89837
14815,64247,47885
14816,81442,65625
14817,75516,66799
14818,81628,75670
14819,63031,54000
14820,65760,53500
14821,69005,60571
14822,69058,56705
14823,74322,53801
14824,77719,48500
14825,85944,71716
14826,64978,57738
14827,64906,57112
14830,87243,63710
14836,74093,62079
14837,72928,56908
14838,76522,67188
14839,74778,61522
14840,84188,59028
14841,77758,65598
14842,60593,57703
14843,57558,47783
14845,79606,62063
14846,61879,56146
14847,67103,58162
14850,86054,56794
14855,54142,41000
14858,75214,68125
14859,69016,64000
14860,64210,62054
14861,63136,51667
14864,64239,55625
14865,55761,39861
14867,75738,63083
14869,69237,61184
14870,100974,77171
14871,84227,66830
14872,87319,85114
14873,62258,51613
14874,65398,63021
14877,66279,42750
14878,115358,73750
14879,61260,50463
14880,53579,48625
14881,120187,83906
14882,115349,86165
14883,74185,58388
14884,77570,59375
14885,65288,57721
14886,80027,59616
14889,68077,58365
14891,67425,51563
14892,66660,49899
14894,70022,59565
14895,75033,48778
14897,54081,43546
14898,61189,47222
14901,50383,33783
14903,97886,60631
14904,57285,45912
14905,81371,65662
